{"ori_list": [3.848585432038054, 4.0, 3.1134804214751064, 3.179363676535573], "trans_list": [3.9189540208057894, 4.0, 3.1479458047002105, 3.0611003350379127]}