{"ori_list": [3.9494562113020204, 4.0, 3.2267511769724555, 3.1782130704127036], "trans_list": [4.040613566320531, 4.041684759009987, 3.156072090548238, 3.193548387096774]}