{"ori_list": [3.9890694270932756, 4.0, 3.2015508899972733, 3.05], "trans_list": [3.7785065815871306, 4.0, 3.180400586377778, 3.057553956834532]}