{"ori_list": [3.9256120057205983, 4.0, 3.1654119725539984, 3.016949152542373], "trans_list": [3.5200803207517386, 3.522935779816514, 3.0194785330469474, 3.0]}