{"ori_list": [4.0293593918050155, 4.0, 3.166015774350499, 3.0], "trans_list": [3.863544674534829, 3.9953271028037385, 3.0825591570965765, 3.0]}