{"ori_list": [3.9725680659094302, 4.0, 3.135671689773165, 3.197287754774515], "trans_list": [3.7572134637928905, 3.996875, 3.0177615501879735, 3.0]}