{"ori_list": [3.8931878584741293, 3.9655172413793105, 3.2701114082255263, 3.2570517873667617], "trans_list": [3.858878218675842, 4.0, 3.0246031048304514, 3.0]}