{"ori_list": [4.0171536523240965, 4.0, 3.349650650647497, 3.374616564417178], "trans_list": [3.8291896899458675, 4.0, 3.113932023121372, 3.0]}