{"ori_list": [3.9913338663020546, 4.0795997986408254, 3.1937351381872916, 3.0545454545454542], "trans_list": [3.8157677076621987, 4.0, 3.0141527552163208, 3.0]}