{"ori_list": [4.095616567753844, 4.0285714285714285, 3.0460408760087265, 3.0], "trans_list": [3.9618648721223444, 4.0, 3.0100539952055905, 3.0]}