{"ori_list": [4.056876425479878, 4.0, 3.2254817920816814, 3.056696926262144], "trans_list": [3.9191064334672343, 4.0, 3.0719607796058965, 3.0]}