{"ori_list": [3.9948824530475697, 4.0, 3.0158480018282927, 3.0], "trans_list": [4.023793349075076, 4.0, 3.1779907434785533, 3.1134751773049647]}