{"ori_list": [4.031542133354476, 4.0, 3.23487875929471, 3.109090909090909], "trans_list": [3.8625568943596407, 4.0, 3.187078533403374, 3.148936170212766]}