{"ori_list": [3.9258468975581, 4.0, 3.2171374177888437, 3.018348623853211], "trans_list": [3.785221885167781, 3.8346429195041036, 3.177781944455704, 3.0486531986531986]}