{"ori_list": [3.970369069146498, 4.0, 3.1469213181123203, 3.0], "trans_list": [3.8807058877215295, 4.0, 3.0196637491187195, 3.0085470085470085]}