{"ori_list": [4.007326512133204, 4.023121387283237, 3.0317916460794647, 3.0], "trans_list": [3.8692696922878476, 4.0, 3.1035595300908505, 3.0216987504221544]}