{"ori_list": [4.020615889221427, 4.0, 3.07815060412587, 3.023004370830458], "trans_list": [3.8877634851187244, 4.0, 3.1051369121207792, 3.0374999999999996]}