{"ori_list": [3.979301623103668, 4.0, 3.2137442830092544, 3.219985928010665], "trans_list": [3.6716386909508243, 3.8665620094191526, 3.0218889597652545, 3.0]}