{"ori_list": [3.940309194505905, 4.0, 3.1879851729035744, 3.0], "trans_list": [3.860889522295055, 4.0, 3.141605350458897, 3.0663369530158047]}