{"ori_list": [3.9, 4.0, 4.030100334, 4.0], "trans_list": [3.84, 4.0, 3.806666667, 4.0]}