{"ori_list": [4.105015354213446, 4.0, 3.4440003485216293, 3.431426332288401], "trans_list": [3.940620040896176, 4.0, 3.3074542402765297, 3.3653954802259887]}