{"ori_list": [4.106307533605401, 4.0, 3.4128004772244225, 3.555555555555556], "trans_list": [4.116661557028288, 4.0, 3.355785756401384, 3.338422391857506]}