{"ori_list": [4.174443751719046, 4.031578947368422, 3.3452011376068804, 3.3666666666666667], "trans_list": [4.0349387170239295, 4.0, 3.337262302367285, 3.340504176831522]}