{"ori_list": [4.085443223457462, 4.050713557594292, 3.3209368461973576, 3.4132231404958677], "trans_list": [3.9656161883258267, 4.0, 3.5277308142446127, 3.5777142857142863]}