{"ori_list": [4.124709241326423, 4.0677966101694905, 3.4176978857694245, 3.385135135135135], "trans_list": [3.9493671692998986, 4.0, 3.4517086317084056, 3.461237980769231]}