{"ori_list": [4.053749291003693, 4.0, 3.3641660239170523, 3.455541718555417], "trans_list": [3.6253167964676822, 4.0, 3.425888063378457, 3.3288487282463186]}