{"ori_list": [4.170443592702576, 4.085714285714285, 3.454731738609981, 3.480769230769231], "trans_list": [3.949743572766112, 4.0, 3.41302421637337, 3.4392663043478264]}