{"ori_list": [4.1448106286270106, 4.258620689655173, 3.2231240516221256, 3.374175824175824], "trans_list": [3.507029296036433, 3.655172413793103, 3.4406665057929553, 3.372242497972425]}