{"ori_list": [4.042319537454635, 4.0046728971962615, 3.4443979454404547, 3.4262295081967213], "trans_list": [3.7386192103723106, 4.0, 3.3519514263465626, 3.4054054054054053]}