{"ori_list": [3.9827303012578783, 4.0, 3.0761109211727957, 3.051318944844125], "trans_list": [3.92494852311323, 4.005154639175258, 3.0841481530853683, 3.061830883687171]}