{"ori_list": [3.9217846947104045, 4.0, 3.403996951502317, 3.404833915628096], "trans_list": [3.960434336665407, 4.0, 3.4386403142356246, 3.4971932638331995]}