{"ori_list": [4.131542359205684, 4.041117597998332, 3.3852133837665503, 3.4423218673218674], "trans_list": [4.102022143444426, 4.0157897553926025, 3.4588014572290278, 3.511752478413815]}