{"ori_list": [4.115550708849274, 4.015151515151516, 3.1726208544537142, 3.226547987616099], "trans_list": [4.162972354148551, 4.013333333333334, 3.3442666744351826, 3.4400656814449917]}