{"ori_list": [3.9440610178604567, 4.0, 3.3165928558289135, 3.335174953959484], "trans_list": [4.0534143174705575, 4.0, 3.4284894645564163, 3.4794745484400655]}