{"ori_list": [4.060497936333351, 4.0, 3.267673474377127, 3.307765151515152], "trans_list": [4.218543279278893, 4.417580213903744, 3.452483645910194, 3.5038030267388067]}