{"ori_list": [4.052722307095994, 4.0, 3.3927802590702276, 3.477430945430047], "trans_list": [3.9496041435178744, 4.0, 3.4763158173338087, 3.5582579185520364]}