{"ori_list": [4.055283978648078, 4.0, 3.3855053654411416, 3.4488821138211385], "trans_list": [3.683755905220003, 3.96558900037161, 3.2506392345029393, 3.26836695028722]}