{"ori_list": [4.107631361095517, 4.0, 3.2534997636722305, 3.2970521541950113], "trans_list": [3.9998491846327133, 4.050431711145997, 3.3717683490629047, 3.48798769940419]}