{"ori_list": [4.095993398495795, 4.101370851370851, 3.3431997002232703, 3.314135864135864], "trans_list": [3.9070745362297425, 4.0, 3.390074406322068, 3.310537407797682]}