{"ori_list": [4.170700216123884, 4.018518518518518, 3.3694092193288867, 3.448580682034673], "trans_list": [3.8951731580016777, 4.0, 3.383763384694061, 3.3823529411764706]}