{"ori_list": [3.756575728, 3.9636363639999996, 3.391395476, 3.5], "trans_list": [3.593434032, 3.588235294, 3.3218201539999996, 3.255474453]}