{"ori_list": [3.588832323, 3.505050505, 3.26248942, 3.3412698410000004], "trans_list": [3.489949797, 3.535353535, 3.369673302, 3.4433962260000004]}