{"ori_list": [3.7499125189999996, 3.935779817, 3.369077888, 3.5], "trans_list": [3.725553198, 3.788321168, 3.136062773, 3.020408163]}