{"ori_list": [3.607822777, 3.516853933, 3.264517327, 3.3412698410000004], "trans_list": [3.5843779330000003, 3.5363636360000004, 3.335983666, 3.333333333]}