{"ori_list": [3.695224548, 3.825795756, 3.168769268, 3.275763794], "trans_list": [3.4857197460000005, 3.51123872, 3.282937093, 3.3488455989999997]}